POST	api/callbacks/voice/albs-follow-through	voice.albs-follow-through	App\Http\Controllers\Voice\AlbsFollowThroughController@handle	api,App\Http\Middleware\VerifyVoiceWebhookAuth
POST	api/callbacks/voice/ring-group-callback	voice.ring-group-callback	App\Http\Controllers\Voice\VoiceRoutingController@handleRingGroupCallback	api,App\Http\Middleware\VerifyVoiceWebhookAuth
GET|HEAD	api/health	health	Closure	api
GET|HEAD	api/sanctum/csrf-cookie	sanctum.csrf-cookie	Closure	api,web,Illuminate\Routing\Middleware\ThrottleRequests:60,1
GET|HEAD	api/storage/health	storage.health	Closure	api,Illuminate\Auth\Middleware\Authenticate:sanctum
GET|HEAD	api/storage/recordings/{path}	storage.recordings.serve	App\Http\Controllers\Api\RecordingsController@serveMinioFile	api
GET|HEAD	api/v1/ai-assistant-load-balancers	ai-assistant-load-balancers.index	App\Http\Controllers\Api\AiAssistantLoadBalancerController@index	api,Illuminate\Auth\Middleware\Authenticate:sanctum,App\Http\Middleware\EnsureTenantScope,App\Http\Middleware\RateLimitPerOrganization:api
POST	api/v1/ai-assistant-load-balancers	ai-assistant-load-balancers.store	App\Http\Controllers\Api\AiAssistantLoadBalancerController@store	api,Illuminate\Auth\Middleware\Authenticate:sanctum,App\Http\Middleware\EnsureTenantScope,App\Http\Middleware\RateLimitPerOrganization:api
GET|HEAD	api/v1/ai-assistant-load-balancers/{ai_assistant_load_balancer}	ai-assistant-load-balancers.show	App\Http\Controllers\Api\AiAssistantLoadBalancerController@show	api,Illuminate\Auth\Middleware\Authenticate:sanctum,App\Http\Middleware\EnsureTenantScope,App\Http\Middleware\RateLimitPerOrganization:api
PUT|PATCH	api/v1/ai-assistant-load-balancers/{ai_assistant_load_balancer}	ai-assistant-load-balancers.update	App\Http\Controllers\Api\AiAssistantLoadBalancerController@update	api,Illuminate\Auth\Middleware\Authenticate:sanctum,App\Http\Middleware\EnsureTenantScope,App\Http\Middleware\RateLimitPerOrganization:api
DELETE	api/v1/ai-assistant-load-balancers/{ai_assistant_load_balancer}	ai-assistant-load-balancers.destroy	App\Http\Controllers\Api\AiAssistantLoadBalancerController@destroy	api,Illuminate\Auth\Middleware\Authenticate:sanctum,App\Http\Middleware\EnsureTenantScope,App\Http\Middleware\RateLimitPerOrganization:api
GET|HEAD	api/v1/ai-assistant/providers	ai-assistant.providers.index	App\Http\Controllers\Api\AiAssistantProviderController@index	api,Illuminate\Auth\Middleware\Authenticate:sanctum,App\Http\Middleware\EnsureTenantScope,App\Http\Middleware\RateLimitPerOrganization:api
GET|HEAD	api/v1/ai-assistant/providers/protocol/{protocol}	ai-assistant.providers.by-protocol	App\Http\Controllers\Api\AiAssistantProviderController@byProtocol	api,Illuminate\Auth\Middleware\Authenticate:sanctum,App\Http\Middleware\EnsureTenantScope,App\Http\Middleware\RateLimitPerOrganization:api
GET|HEAD	api/v1/ai-assistant/providers/{provider}	ai-assistant.providers.show	App\Http\Controllers\Api\AiAssistantProviderController@show	api,Illuminate\Auth\Middleware\Authenticate:sanctum,App\Http\Middleware\EnsureTenantScope,App\Http\Middleware\RateLimitPerOrganization:api
GET|HEAD	api/v1/ai-assistants	ai-assistants.index	App\Http\Controllers\Api\AiAssistantController@index	api,Illuminate\Auth\Middleware\Authenticate:sanctum,App\Http\Middleware\EnsureTenantScope,App\Http\Middleware\RateLimitPerOrganization:api
POST	api/v1/ai-assistants	ai-assistants.store	App\Http\Controllers\Api\AiAssistantController@store	api,Illuminate\Auth\Middleware\Authenticate:sanctum,App\Http\Middleware\EnsureTenantScope,App\Http\Middleware\RateLimitPerOrganization:api
GET|HEAD	api/v1/ai-assistants/{ai_assistant}	ai-assistants.show	App\Http\Controllers\Api\AiAssistantController@show	api,Illuminate\Auth\Middleware\Authenticate:sanctum,App\Http\Middleware\EnsureTenantScope,App\Http\Middleware\RateLimitPerOrganization:api
PUT|PATCH	api/v1/ai-assistants/{ai_assistant}	ai-assistants.update	App\Http\Controllers\Api\AiAssistantController@update	api,Illuminate\Auth\Middleware\Authenticate:sanctum,App\Http\Middleware\EnsureTenantScope,App\Http\Middleware\RateLimitPerOrganization:api
DELETE	api/v1/ai-assistants/{ai_assistant}	ai-assistants.destroy	App\Http\Controllers\Api\AiAssistantController@destroy	api,Illuminate\Auth\Middleware\Authenticate:sanctum,App\Http\Middleware\EnsureTenantScope,App\Http\Middleware\RateLimitPerOrganization:api
POST	api/v1/auth/login	auth.login	App\Http\Controllers\Api\AuthController@login	api,Illuminate\Routing\Middleware\ThrottleRequests:auth
POST	api/v1/auth/logout	auth.logout	App\Http\Controllers\Api\AuthController@logout	api,Illuminate\Auth\Middleware\Authenticate:sanctum
GET|HEAD	api/v1/auth/me	auth.me	App\Http\Controllers\Api\AuthController@me	api,Illuminate\Auth\Middleware\Authenticate:sanctum
POST	api/v1/auth/refresh	auth.refresh	App\Http\Controllers\Api\AuthController@refresh	api,Illuminate\Auth\Middleware\Authenticate:sanctum
POST	api/v1/auth/register	auth.register	App\Http\Controllers\Api\RegisterController@register	api,Illuminate\Routing\Middleware\ThrottleRequests:registration
GET|HEAD	api/v1/auth/register/validate	auth.register.validate	App\Http\Controllers\Api\RegisterController@validateRegistration	api
GET|HEAD	api/v1/auto-dialer-campaigns	auto-dialer-campaigns.index	App\Http\Controllers\AutoDialerCampaignController@index	api,Illuminate\Auth\Middleware\Authenticate:sanctum,App\Http\Middleware\EnsureTenantScope
POST	api/v1/auto-dialer-campaigns	auto-dialer-campaigns.store	App\Http\Controllers\AutoDialerCampaignController@store	api,Illuminate\Auth\Middleware\Authenticate:sanctum,App\Http\Middleware\EnsureTenantScope
GET|HEAD	api/v1/auto-dialer-campaigns/available-caller-ids	auto-dialer-campaigns.available-caller-ids	App\Http\Controllers\AutoDialerCampaignController@getAvailableCallerIds	api,Illuminate\Auth\Middleware\Authenticate:sanctum,App\Http\Middleware\EnsureTenantScope
GET|HEAD	api/v1/auto-dialer-campaigns/lists	distribution-lists.index	App\Http\Controllers\DistributionListController@index	api,Illuminate\Auth\Middleware\Authenticate:sanctum,App\Http\Middleware\EnsureTenantScope
POST	api/v1/auto-dialer-campaigns/lists	distribution-lists.store	App\Http\Controllers\DistributionListController@store	api,Illuminate\Auth\Middleware\Authenticate:sanctum,App\Http\Middleware\EnsureTenantScope
GET|HEAD	api/v1/auto-dialer-campaigns/lists/example-csv	distribution-lists.example	App\Http\Controllers\DistributionListController@downloadExample	api,Illuminate\Auth\Middleware\Authenticate:sanctum,App\Http\Middleware\EnsureTenantScope
GET|HEAD	api/v1/auto-dialer-campaigns/lists/upload-progress/{jobId}	distribution-lists.progress	App\Http\Controllers\DistributionListController@uploadProgress	api,Illuminate\Auth\Middleware\Authenticate:sanctum,App\Http\Middleware\EnsureTenantScope
GET|HEAD	api/v1/auto-dialer-campaigns/lists/{list}	distribution-lists.show	App\Http\Controllers\DistributionListController@show	api,Illuminate\Auth\Middleware\Authenticate:sanctum,App\Http\Middleware\EnsureTenantScope
DELETE	api/v1/auto-dialer-campaigns/lists/{list}	distribution-lists.destroy	App\Http\Controllers\DistributionListController@destroy	api,Illuminate\Auth\Middleware\Authenticate:sanctum,App\Http\Middleware\EnsureTenantScope
PATCH	api/v1/auto-dialer-campaigns/lists/{list}/archive	distribution-lists.archive	App\Http\Controllers\DistributionListController@archive	api,Illuminate\Auth\Middleware\Authenticate:sanctum,App\Http\Middleware\EnsureTenantScope
POST	api/v1/auto-dialer-campaigns/lists/{list}/assign	distribution-lists.assign	App\Http\Controllers\DistributionListController@assignToCampaign	api,Illuminate\Auth\Middleware\Authenticate:sanctum,App\Http\Middleware\EnsureTenantScope
POST	api/v1/auto-dialer-campaigns/lists/{list}/copy	distribution-lists.copy	App\Http\Controllers\DistributionListController@copy	api,Illuminate\Auth\Middleware\Authenticate:sanctum,App\Http\Middleware\EnsureTenantScope
POST	api/v1/auto-dialer-campaigns/lists/{list}/destinations	distribution-lists.destinations.add	App\Http\Controllers\DistributionListController@addDestination	api,Illuminate\Auth\Middleware\Authenticate:sanctum,App\Http\Middleware\EnsureTenantScope
GET|HEAD	api/v1/auto-dialer-campaigns/lists/{list}/destinations	distribution-lists.destinations	App\Http\Controllers\DistributionListController@getDestinations	api,Illuminate\Auth\Middleware\Authenticate:sanctum,App\Http\Middleware\EnsureTenantScope
POST	api/v1/auto-dialer-campaigns/lists/{list}/destinations/batch	distribution-lists.destinations.batch	App\Http\Controllers\DistributionListController@addDestinationsBatch	api,Illuminate\Auth\Middleware\Authenticate:sanctum,App\Http\Middleware\EnsureTenantScope
POST	api/v1/auto-dialer-campaigns/lists/{list}/destinations/bulk-reset-dial-attempts	distribution-lists.destinations.bulk-reset-dial-attempts	App\Http\Controllers\DistributionListController@bulkResetDialAttempts	api,Illuminate\Auth\Middleware\Authenticate:sanctum,App\Http\Middleware\EnsureTenantScope
POST	api/v1/auto-dialer-campaigns/lists/{list}/destinations/{destinationId}/reset-dial-attempts	distribution-lists.destinations.reset-dial-attempts	App\Http\Controllers\DistributionListController@resetDialAttempts	api,Illuminate\Auth\Middleware\Authenticate:sanctum,App\Http\Middleware\EnsureTenantScope
GET|HEAD	api/v1/auto-dialer-campaigns/lists/{list}/download	distribution-lists.download	App\Http\Controllers\DistributionListController@download	api,Illuminate\Auth\Middleware\Authenticate:sanctum,App\Http\Middleware\EnsureTenantScope
POST	api/v1/auto-dialer-campaigns/lists/{list}/reset-pending-destinations	distribution-lists.reset-pending-destinations	App\Http\Controllers\DistributionListController@resetPendingDestinations	api,Illuminate\Auth\Middleware\Authenticate:sanctum,App\Http\Middleware\EnsureTenantScope
POST	api/v1/auto-dialer-campaigns/lists/{list}/unassign	distribution-lists.unassign	App\Http\Controllers\DistributionListController@unassignFromCampaign	api,Illuminate\Auth\Middleware\Authenticate:sanctum,App\Http\Middleware\EnsureTenantScope
POST	api/v1/auto-dialer-campaigns/lists/{list}/upload	distribution-lists.upload	App\Http\Controllers\DistributionListController@upload	api,Illuminate\Auth\Middleware\Authenticate:sanctum,App\Http\Middleware\EnsureTenantScope
GET|HEAD	api/v1/auto-dialer-campaigns/lists/{list}/validation-errors	distribution-lists.errors	App\Http\Controllers\DistributionListController@getValidationErrors	api,Illuminate\Auth\Middleware\Authenticate:sanctum,App\Http\Middleware\EnsureTenantScope
GET|HEAD	api/v1/auto-dialer-campaigns/lists/{list}/versions	distribution-lists.versions	App\Http\Controllers\DistributionListController@getVersions	api,Illuminate\Auth\Middleware\Authenticate:sanctum,App\Http\Middleware\EnsureTenantScope
GET|HEAD	api/v1/auto-dialer-campaigns/monitor/summary	auto-dialer-campaigns.monitor.summary	App\Http\Controllers\AutoDialerCampaignController@monitorSummary	api,Illuminate\Auth\Middleware\Authenticate:sanctum,App\Http\Middleware\EnsureTenantScope
GET|HEAD	api/v1/auto-dialer-campaigns/{campaign}	auto-dialer-campaigns.show	App\Http\Controllers\AutoDialerCampaignController@show	api,Illuminate\Auth\Middleware\Authenticate:sanctum,App\Http\Middleware\EnsureTenantScope
PUT|PATCH	api/v1/auto-dialer-campaigns/{campaign}	auto-dialer-campaigns.update	App\Http\Controllers\AutoDialerCampaignController@update	api,Illuminate\Auth\Middleware\Authenticate:sanctum,App\Http\Middleware\EnsureTenantScope
DELETE	api/v1/auto-dialer-campaigns/{campaign}	auto-dialer-campaigns.destroy	App\Http\Controllers\AutoDialerCampaignController@destroy	api,Illuminate\Auth\Middleware\Authenticate:sanctum,App\Http\Middleware\EnsureTenantScope
PATCH	api/v1/auto-dialer-campaigns/{campaign}/archive	auto-dialer-campaigns.archive	App\Http\Controllers\AutoDialerCampaignController@archive	api,Illuminate\Auth\Middleware\Authenticate:sanctum,App\Http\Middleware\EnsureTenantScope
GET|HEAD	api/v1/auto-dialer-campaigns/{campaign}/caller-id-stats	auto-dialer-campaigns.caller-id-stats	App\Http\Controllers\AutoDialerCampaignController@getCallerIdStats	api,Illuminate\Auth\Middleware\Authenticate:sanctum,App\Http\Middleware\EnsureTenantScope
GET|HEAD	api/v1/auto-dialer-campaigns/{campaign}/concurrency	auto-dialer-campaigns.concurrency	App\Http\Controllers\AutoDialerCampaignController@concurrency	api,Illuminate\Auth\Middleware\Authenticate:sanctum,App\Http\Middleware\EnsureTenantScope
GET|HEAD	api/v1/auto-dialer-campaigns/{campaign}/destinations	auto-dialer-campaigns.destinations	App\Http\Controllers\AutoDialerCampaignController@getDestinations	api,Illuminate\Auth\Middleware\Authenticate:sanctum,App\Http\Middleware\EnsureTenantScope
POST	api/v1/auto-dialer-campaigns/{campaign}/list	auto-dialer-campaigns.list.upload	App\Http\Controllers\AutoDialerCampaignController@uploadList	api,Illuminate\Auth\Middleware\Authenticate:sanctum,App\Http\Middleware\EnsureTenantScope
GET|HEAD	api/v1/auto-dialer-campaigns/{campaign}/list	auto-dialer-campaigns.list.get	App\Http\Controllers\AutoDialerCampaignController@getList	api,Illuminate\Auth\Middleware\Authenticate:sanctum,App\Http\Middleware\EnsureTenantScope
DELETE	api/v1/auto-dialer-campaigns/{campaign}/list	auto-dialer-campaigns.list.delete	App\Http\Controllers\AutoDialerCampaignController@deleteList	api,Illuminate\Auth\Middleware\Authenticate:sanctum,App\Http\Middleware\EnsureTenantScope
GET|HEAD	api/v1/auto-dialer-campaigns/{campaign}/monitor/detail	auto-dialer-campaigns.monitor.detail	App\Http\Controllers\AutoDialerCampaignController@monitorDetail	api,Illuminate\Auth\Middleware\Authenticate:sanctum,App\Http\Middleware\EnsureTenantScope
PATCH	api/v1/auto-dialer-campaigns/{campaign}/pause	auto-dialer-campaigns.pause	App\Http\Controllers\AutoDialerCampaignController@pause	api,Illuminate\Auth\Middleware\Authenticate:sanctum,App\Http\Middleware\EnsureTenantScope
POST	api/v1/auto-dialer-campaigns/{campaign}/reset-cac	auto-dialer-campaigns.reset-cac	App\Http\Controllers\AutoDialerCampaignController@resetCac	api,Illuminate\Auth\Middleware\Authenticate:sanctum,App\Http\Middleware\EnsureTenantScope
POST	api/v1/auto-dialer-campaigns/{campaign}/reset-caller-id-cycle	auto-dialer-campaigns.reset-caller-id-cycle	App\Http\Controllers\AutoDialerCampaignController@resetCallerIdCycle	api,Illuminate\Auth\Middleware\Authenticate:sanctum,App\Http\Middleware\EnsureTenantScope
PATCH	api/v1/auto-dialer-campaigns/{campaign}/resume	auto-dialer-campaigns.resume	App\Http\Controllers\AutoDialerCampaignController@resume	api,Illuminate\Auth\Middleware\Authenticate:sanctum,App\Http\Middleware\EnsureTenantScope
PATCH	api/v1/auto-dialer-campaigns/{campaign}/start	auto-dialer-campaigns.start	App\Http\Controllers\AutoDialerCampaignController@start	api,Illuminate\Auth\Middleware\Authenticate:sanctum,App\Http\Middleware\EnsureTenantScope
GET|HEAD	api/v1/business-hours	business-hours.index	App\Http\Controllers\Api\BusinessHoursController@index	api,Illuminate\Auth\Middleware\Authenticate:sanctum,App\Http\Middleware\EnsureTenantScope,App\Http\Middleware\RateLimitPerOrganization:api
POST	api/v1/business-hours	business-hours.store	App\Http\Controllers\Api\BusinessHoursController@store	api,Illuminate\Auth\Middleware\Authenticate:sanctum,App\Http\Middleware\EnsureTenantScope,App\Http\Middleware\RateLimitPerOrganization:api
POST	api/v1/business-hours/{businessHour}/duplicate	business-hours.duplicate	App\Http\Controllers\Api\BusinessHoursController@duplicate	api,Illuminate\Auth\Middleware\Authenticate:sanctum,App\Http\Middleware\EnsureTenantScope,App\Http\Middleware\RateLimitPerOrganization:api
PATCH	api/v1/business-hours/{businessHour}/toggle-status	business-hours.toggle-status	App\Http\Controllers\Api\BusinessHoursController@toggleStatus	api,Illuminate\Auth\Middleware\Authenticate:sanctum,App\Http\Middleware\EnsureTenantScope,App\Http\Middleware\RateLimitPerOrganization:api
GET|HEAD	api/v1/business-hours/{business_hour}	business-hours.show	App\Http\Controllers\Api\BusinessHoursController@show	api,Illuminate\Auth\Middleware\Authenticate:sanctum,App\Http\Middleware\EnsureTenantScope,App\Http\Middleware\RateLimitPerOrganization:api
PUT|PATCH	api/v1/business-hours/{business_hour}	business-hours.update	App\Http\Controllers\Api\BusinessHoursController@update	api,Illuminate\Auth\Middleware\Authenticate:sanctum,App\Http\Middleware\EnsureTenantScope,App\Http\Middleware\RateLimitPerOrganization:api
DELETE	api/v1/business-hours/{business_hour}	business-hours.destroy	App\Http\Controllers\Api\BusinessHoursController@destroy	api,Illuminate\Auth\Middleware\Authenticate:sanctum,App\Http\Middleware\EnsureTenantScope,App\Http\Middleware\RateLimitPerOrganization:api
GET|HEAD	api/v1/call-detail-records	call-detail-records.index	App\Http\Controllers\Api\CallDetailRecordController@index	api,Illuminate\Auth\Middleware\Authenticate:sanctum,App\Http\Middleware\EnsureTenantScope,App\Http\Middleware\RateLimitPerOrganization:api
GET|HEAD	api/v1/call-detail-records/export	call-detail-records.export	App\Http\Controllers\Api\CallDetailRecordController@export	api,Illuminate\Auth\Middleware\Authenticate:sanctum,App\Http\Middleware\EnsureTenantScope,App\Http\Middleware\RateLimitPerOrganization:api
GET|HEAD	api/v1/call-detail-records/statistics	call-detail-records.statistics	App\Http\Controllers\Api\CallDetailRecordController@statistics	api,Illuminate\Auth\Middleware\Authenticate:sanctum,App\Http\Middleware\EnsureTenantScope,App\Http\Middleware\RateLimitPerOrganization:api
GET|HEAD	api/v1/call-detail-records/{call_detail_record}	call-detail-records.show	App\Http\Controllers\Api\CallDetailRecordController@show	api,Illuminate\Auth\Middleware\Authenticate:sanctum,App\Http\Middleware\EnsureTenantScope,App\Http\Middleware\RateLimitPerOrganization:api
GET|HEAD	api/v1/call-notifications/logs	call-notifications.logs	App\Http\Controllers\Api\CallNotificationsSettingsController@logs	api,Illuminate\Auth\Middleware\Authenticate:sanctum,App\Http\Middleware\EnsureTenantScope,App\Http\Middleware\RateLimitPerOrganization:api
GET|HEAD	api/v1/call-notifications/logs/{sessionToken}	call-notifications.session-logs	App\Http\Controllers\Api\CallNotificationsSettingsController@sessionLogs	api,Illuminate\Auth\Middleware\Authenticate:sanctum,App\Http\Middleware\EnsureTenantScope,App\Http\Middleware\RateLimitPerOrganization:api
GET|HEAD	api/v1/call-notifications/rate-limit	call-notifications.rate-limit	App\Http\Controllers\Api\CallNotificationsSettingsController@rateLimit	api,Illuminate\Auth\Middleware\Authenticate:sanctum,App\Http\Middleware\EnsureTenantScope,App\Http\Middleware\RateLimitPerOrganization:api
GET|HEAD	api/v1/call-notifications/settings	call-notifications.settings.show	App\Http\Controllers\Api\CallNotificationsSettingsController@show	api,Illuminate\Auth\Middleware\Authenticate:sanctum,App\Http\Middleware\EnsureTenantScope,App\Http\Middleware\RateLimitPerOrganization:api
POST	api/v1/call-notifications/settings	call-notifications.settings.store	App\Http\Controllers\Api\CallNotificationsSettingsController@store	api,Illuminate\Auth\Middleware\Authenticate:sanctum,App\Http\Middleware\EnsureTenantScope,App\Http\Middleware\RateLimitPerOrganization:api
PUT	api/v1/call-notifications/settings	call-notifications.settings.update	App\Http\Controllers\Api\CallNotificationsSettingsController@update	api,Illuminate\Auth\Middleware\Authenticate:sanctum,App\Http\Middleware\EnsureTenantScope,App\Http\Middleware\RateLimitPerOrganization:api
DELETE	api/v1/call-notifications/settings	call-notifications.settings.destroy	App\Http\Controllers\Api\CallNotificationsSettingsController@destroy	api,Illuminate\Auth\Middleware\Authenticate:sanctum,App\Http\Middleware\EnsureTenantScope,App\Http\Middleware\RateLimitPerOrganization:api
POST	api/v1/call-notifications/settings/test	call-notifications.settings.test	App\Http\Controllers\Api\CallNotificationsSettingsController@test	api,Illuminate\Auth\Middleware\Authenticate:sanctum,App\Http\Middleware\EnsureTenantScope,App\Http\Middleware\RateLimitPerOrganization:api
GET|HEAD	api/v1/conference-rooms	conference-rooms.index	App\Http\Controllers\Api\ConferenceRoomController@index	api,Illuminate\Auth\Middleware\Authenticate:sanctum,App\Http\Middleware\EnsureTenantScope,App\Http\Middleware\RateLimitPerOrganization:api
POST	api/v1/conference-rooms	conference-rooms.store	App\Http\Controllers\Api\ConferenceRoomController@store	api,Illuminate\Auth\Middleware\Authenticate:sanctum,App\Http\Middleware\EnsureTenantScope,App\Http\Middleware\RateLimitPerOrganization:api
GET|HEAD	api/v1/conference-rooms/{conference_room}	conference-rooms.show	App\Http\Controllers\Api\ConferenceRoomController@show	api,Illuminate\Auth\Middleware\Authenticate:sanctum,App\Http\Middleware\EnsureTenantScope,App\Http\Middleware\RateLimitPerOrganization:api
PUT|PATCH	api/v1/conference-rooms/{conference_room}	conference-rooms.update	App\Http\Controllers\Api\ConferenceRoomController@update	api,Illuminate\Auth\Middleware\Authenticate:sanctum,App\Http\Middleware\EnsureTenantScope,App\Http\Middleware\RateLimitPerOrganization:api
DELETE	api/v1/conference-rooms/{conference_room}	conference-rooms.destroy	App\Http\Controllers\Api\ConferenceRoomController@destroy	api,Illuminate\Auth\Middleware\Authenticate:sanctum,App\Http\Middleware\EnsureTenantScope,App\Http\Middleware\RateLimitPerOrganization:api
GET|HEAD	api/v1/config/application	config.application	App\Http\Controllers\Api\ConfigurationController@index	api,Illuminate\Auth\Middleware\Authenticate:sanctum,App\Http\Middleware\EnsureTenantScope,App\Http\Middleware\RateLimitPerOrganization:api
POST	api/v1/dialer/worker/calls/generate-cxml	dialer.worker.calls.generate-cxml	App\Http\Controllers\DialerWorkerController@generateCxml	api,App\Http\Middleware\DialerWorkerAuth,Illuminate\Routing\Middleware\ThrottleRequests:dialer-worker
POST	api/v1/dialer/worker/calls/initiate	dialer.worker.calls.initiate	App\Http\Controllers\DialerWorkerController@initiateCall	api,App\Http\Middleware\DialerWorkerAuth,Illuminate\Routing\Middleware\ThrottleRequests:dialer-worker
POST	api/v1/dialer/worker/calls/{session}/disposition	dialer.worker.calls.disposition	App\Http\Controllers\DialerWorkerController@setDisposition	api,App\Http\Middleware\DialerWorkerAuth,Illuminate\Routing\Middleware\ThrottleRequests:dialer-worker
PATCH	api/v1/dialer/worker/calls/{session}/status	dialer.worker.calls.status	App\Http\Controllers\DialerWorkerController@updateCallStatus	api,App\Http\Middleware\DialerWorkerAuth,Illuminate\Routing\Middleware\ThrottleRequests:dialer-worker
GET|HEAD	api/v1/dialer/worker/campaigns/active	dialer.worker.campaigns.active	App\Http\Controllers\DialerWorkerController@getActiveCampaigns	api,App\Http\Middleware\DialerWorkerAuth,Illuminate\Routing\Middleware\ThrottleRequests:dialer-worker
GET|HEAD	api/v1/dialer/worker/campaigns/{campaign}/destinations/pending	dialer.worker.destinations.pending	App\Http\Controllers\DialerWorkerController@getPendingDestinations	api,App\Http\Middleware\DialerWorkerAuth,Illuminate\Routing\Middleware\ThrottleRequests:dialer-worker
GET|HEAD	api/v1/dialer/worker/campaigns/{campaign}/destinations/retry	dialer.worker.destinations.retry	App\Http\Controllers\DialerWorkerController@getRetryDestinations	api,App\Http\Middleware\DialerWorkerAuth,Illuminate\Routing\Middleware\ThrottleRequests:dialer-worker
POST	api/v1/dialer/worker/campaigns/{campaign}/pause	dialer.worker.campaigns.pause	App\Http\Controllers\DialerWorkerController@pauseCampaign	api,App\Http\Middleware\DialerWorkerAuth,Illuminate\Routing\Middleware\ThrottleRequests:dialer-worker
GET|HEAD	api/v1/dialer/worker/health	dialer.worker.health	App\Http\Controllers\DialerWorkerController@health	api,App\Http\Middleware\DialerWorkerAuth,Illuminate\Routing\Middleware\ThrottleRequests:dialer-worker
POST	api/v1/dialer/worker/state/persist	dialer.worker.state.persist	App\Http\Controllers\DialerWorkerController@persistState	api,App\Http\Middleware\DialerWorkerAuth,Illuminate\Routing\Middleware\ThrottleRequests:dialer-worker
GET|HEAD	api/v1/dialer/worker/state/{workerId}	dialer.worker.state.get	App\Http\Controllers\DialerWorkerController@getState	api,App\Http\Middleware\DialerWorkerAuth,Illuminate\Routing\Middleware\ThrottleRequests:dialer-worker
GET|HEAD	api/v1/extensions	extensions.index	App\Http\Controllers\Api\ExtensionCrudController@index	api,Illuminate\Auth\Middleware\Authenticate:sanctum,App\Http\Middleware\EnsureTenantScope,App\Http\Middleware\RateLimitPerOrganization:api
POST	api/v1/extensions	extensions.store	App\Http\Controllers\Api\ExtensionCrudController@store	api,Illuminate\Auth\Middleware\Authenticate:sanctum,App\Http\Middleware\EnsureTenantScope,App\Http\Middleware\RateLimitPerOrganization:api
POST	api/v1/extensions/sync	extensions.sync.perform	App\Http\Controllers\Api\ExtensionCloudonixController@performSync	api,Illuminate\Auth\Middleware\Authenticate:sanctum,App\Http\Middleware\EnsureTenantScope,App\Http\Middleware\RateLimitPerOrganization:api
GET|HEAD	api/v1/extensions/sync/compare	extensions.sync.compare	App\Http\Controllers\Api\ExtensionCloudonixController@compareSync	api,Illuminate\Auth\Middleware\Authenticate:sanctum,App\Http\Middleware\EnsureTenantScope,App\Http\Middleware\RateLimitPerOrganization:api
GET|HEAD	api/v1/extensions/{extension}	extensions.show	App\Http\Controllers\Api\ExtensionCrudController@show	api,Illuminate\Auth\Middleware\Authenticate:sanctum,App\Http\Middleware\EnsureTenantScope,App\Http\Middleware\RateLimitPerOrganization:api
PUT|PATCH	api/v1/extensions/{extension}	extensions.update	App\Http\Controllers\Api\ExtensionCrudController@update	api,Illuminate\Auth\Middleware\Authenticate:sanctum,App\Http\Middleware\EnsureTenantScope,App\Http\Middleware\RateLimitPerOrganization:api
DELETE	api/v1/extensions/{extension}	extensions.destroy	App\Http\Controllers\Api\ExtensionCrudController@destroy	api,Illuminate\Auth\Middleware\Authenticate:sanctum,App\Http\Middleware\EnsureTenantScope,App\Http\Middleware\RateLimitPerOrganization:api
GET|HEAD	api/v1/extensions/{extension}/password	extensions.password	App\Http\Controllers\Api\ExtensionPasswordController@getPassword	api,Illuminate\Auth\Middleware\Authenticate:sanctum,App\Http\Middleware\EnsureTenantScope,App\Http\Middleware\RateLimitPerOrganization:api,App\Http\Middleware\RateLimitSensitiveOperations
PUT	api/v1/extensions/{extension}/reset-password	extensions.reset-password	App\Http\Controllers\Api\ExtensionPasswordController@resetPassword	api,Illuminate\Auth\Middleware\Authenticate:sanctum,App\Http\Middleware\EnsureTenantScope,App\Http\Middleware\RateLimitPerOrganization:api,App\Http\Middleware\RateLimitSensitiveOperations
GET|HEAD	api/v1/inbound-blacklist	inbound-blacklist.index	App\Http\Controllers\Api\InboundBlacklistController@index	api,Illuminate\Auth\Middleware\Authenticate:sanctum,App\Http\Middleware\EnsureTenantScope,App\Http\Middleware\RateLimitPerOrganization:api
POST	api/v1/inbound-blacklist	inbound-blacklist.store	App\Http\Controllers\Api\InboundBlacklistController@store	api,Illuminate\Auth\Middleware\Authenticate:sanctum,App\Http\Middleware\EnsureTenantScope,App\Http\Middleware\RateLimitPerOrganization:api
GET|HEAD	api/v1/inbound-blacklist/blocked-logs	inbound-blacklist.blocked-logs	App\Http\Controllers\Api\InboundBlacklistController@getBlockedCallLogs	api,Illuminate\Auth\Middleware\Authenticate:sanctum,App\Http\Middleware\EnsureTenantScope,App\Http\Middleware\RateLimitPerOrganization:api
GET|HEAD	api/v1/inbound-blacklist/statistics	inbound-blacklist.statistics	App\Http\Controllers\Api\InboundBlacklistController@getStatistics	api,Illuminate\Auth\Middleware\Authenticate:sanctum,App\Http\Middleware\EnsureTenantScope,App\Http\Middleware\RateLimitPerOrganization:api
PATCH	api/v1/inbound-blacklist/{inboundBlacklist}/toggle-status	inbound-blacklist.toggle-status	App\Http\Controllers\Api\InboundBlacklistController@toggleStatus	api,Illuminate\Auth\Middleware\Authenticate:sanctum,App\Http\Middleware\EnsureTenantScope,App\Http\Middleware\RateLimitPerOrganization:api
GET|HEAD	api/v1/inbound-blacklist/{inbound_blacklist}	inbound-blacklist.show	App\Http\Controllers\Api\InboundBlacklistController@show	api,Illuminate\Auth\Middleware\Authenticate:sanctum,App\Http\Middleware\EnsureTenantScope,App\Http\Middleware\RateLimitPerOrganization:api
PUT|PATCH	api/v1/inbound-blacklist/{inbound_blacklist}	inbound-blacklist.update	App\Http\Controllers\Api\InboundBlacklistController@update	api,Illuminate\Auth\Middleware\Authenticate:sanctum,App\Http\Middleware\EnsureTenantScope,App\Http\Middleware\RateLimitPerOrganization:api
DELETE	api/v1/inbound-blacklist/{inbound_blacklist}	inbound-blacklist.destroy	App\Http\Controllers\Api\InboundBlacklistController@destroy	api,Illuminate\Auth\Middleware\Authenticate:sanctum,App\Http\Middleware\EnsureTenantScope,App\Http\Middleware\RateLimitPerOrganization:api
GET|HEAD	api/v1/ivr-menus	ivr-menus.index	App\Http\Controllers\Api\IvrMenuController@index	api,Illuminate\Auth\Middleware\Authenticate:sanctum,App\Http\Middleware\EnsureTenantScope,App\Http\Middleware\RateLimitPerOrganization:api
POST	api/v1/ivr-menus	ivr-menus.store	App\Http\Controllers\Api\IvrMenuController@store	api,Illuminate\Auth\Middleware\Authenticate:sanctum,App\Http\Middleware\EnsureTenantScope,App\Http\Middleware\RateLimitPerOrganization:api
GET|HEAD	api/v1/ivr-menus/voices	ivr-menus.voices	App\Http\Controllers\Api\IvrMenuController@getVoices	api,Illuminate\Auth\Middleware\Authenticate:sanctum,App\Http\Middleware\EnsureTenantScope,App\Http\Middleware\RateLimitPerOrganization:api
GET|HEAD	api/v1/ivr-menus/{ivrMenu}	ivr-menus.show	App\Http\Controllers\Api\IvrMenuController@show	api,Illuminate\Auth\Middleware\Authenticate:sanctum,App\Http\Middleware\EnsureTenantScope,App\Http\Middleware\RateLimitPerOrganization:api
PUT	api/v1/ivr-menus/{ivrMenu}	ivr-menus.update	App\Http\Controllers\Api\IvrMenuController@update	api,Illuminate\Auth\Middleware\Authenticate:sanctum,App\Http\Middleware\EnsureTenantScope,App\Http\Middleware\RateLimitPerOrganization:api
DELETE	api/v1/ivr-menus/{ivrMenu}	ivr-menus.destroy	App\Http\Controllers\Api\IvrMenuController@destroy	api,Illuminate\Auth\Middleware\Authenticate:sanctum,App\Http\Middleware\EnsureTenantScope,App\Http\Middleware\RateLimitPerOrganization:api
PATCH	api/v1/ivr-menus/{ivrMenu}/toggle-status	ivr-menus.toggle-status	App\Http\Controllers\Api\IvrMenuController@toggleStatus	api,Illuminate\Auth\Middleware\Authenticate:sanctum,App\Http\Middleware\EnsureTenantScope,App\Http\Middleware\RateLimitPerOrganization:api
GET|HEAD	api/v1/outbound-whitelist	outbound-whitelist.index	App\Http\Controllers\Api\OutboundWhitelistController@index	api,Illuminate\Auth\Middleware\Authenticate:sanctum,App\Http\Middleware\EnsureTenantScope,App\Http\Middleware\RateLimitPerOrganization:api
POST	api/v1/outbound-whitelist	outbound-whitelist.store	App\Http\Controllers\Api\OutboundWhitelistController@store	api,Illuminate\Auth\Middleware\Authenticate:sanctum,App\Http\Middleware\EnsureTenantScope,App\Http\Middleware\RateLimitPerOrganization:api
PATCH	api/v1/outbound-whitelist/{outboundWhitelist}/toggle-status	outbound-whitelist.toggle-status	App\Http\Controllers\Api\OutboundWhitelistController@toggleStatus	api,Illuminate\Auth\Middleware\Authenticate:sanctum,App\Http\Middleware\EnsureTenantScope,App\Http\Middleware\RateLimitPerOrganization:api
GET|HEAD	api/v1/outbound-whitelist/{outbound_whitelist}	outbound-whitelist.show	App\Http\Controllers\Api\OutboundWhitelistController@show	api,Illuminate\Auth\Middleware\Authenticate:sanctum,App\Http\Middleware\EnsureTenantScope,App\Http\Middleware\RateLimitPerOrganization:api
PUT|PATCH	api/v1/outbound-whitelist/{outbound_whitelist}	outbound-whitelist.update	App\Http\Controllers\Api\OutboundWhitelistController@update	api,Illuminate\Auth\Middleware\Authenticate:sanctum,App\Http\Middleware\EnsureTenantScope,App\Http\Middleware\RateLimitPerOrganization:api
DELETE	api/v1/outbound-whitelist/{outbound_whitelist}	outbound-whitelist.destroy	App\Http\Controllers\Api\OutboundWhitelistController@destroy	api,Illuminate\Auth\Middleware\Authenticate:sanctum,App\Http\Middleware\EnsureTenantScope,App\Http\Middleware\RateLimitPerOrganization:api
GET|HEAD	api/v1/phone-numbers	phone-numbers.index	App\Http\Controllers\Api\PhoneNumberController@index	api,Illuminate\Auth\Middleware\Authenticate:sanctum,App\Http\Middleware\EnsureTenantScope,App\Http\Middleware\RateLimitPerOrganization:api
POST	api/v1/phone-numbers	phone-numbers.store	App\Http\Controllers\Api\PhoneNumberController@store	api,Illuminate\Auth\Middleware\Authenticate:sanctum,App\Http\Middleware\EnsureTenantScope,App\Http\Middleware\RateLimitPerOrganization:api
GET|HEAD	api/v1/phone-numbers/{phone_number}	phone-numbers.show	App\Http\Controllers\Api\PhoneNumberController@show	api,Illuminate\Auth\Middleware\Authenticate:sanctum,App\Http\Middleware\EnsureTenantScope,App\Http\Middleware\RateLimitPerOrganization:api
PUT|PATCH	api/v1/phone-numbers/{phone_number}	phone-numbers.update	App\Http\Controllers\Api\PhoneNumberController@update	api,Illuminate\Auth\Middleware\Authenticate:sanctum,App\Http\Middleware\EnsureTenantScope,App\Http\Middleware\RateLimitPerOrganization:api
DELETE	api/v1/phone-numbers/{phone_number}	phone-numbers.destroy	App\Http\Controllers\Api\PhoneNumberController@destroy	api,Illuminate\Auth\Middleware\Authenticate:sanctum,App\Http\Middleware\EnsureTenantScope,App\Http\Middleware\RateLimitPerOrganization:api
GET|HEAD	api/v1/profile	profile.show	App\Http\Controllers\Api\ProfileController@show	api,Illuminate\Auth\Middleware\Authenticate:sanctum,App\Http\Middleware\EnsureTenantScope,App\Http\Middleware\RateLimitPerOrganization:api
PUT	api/v1/profile	profile.update	App\Http\Controllers\Api\ProfileController@update	api,Illuminate\Auth\Middleware\Authenticate:sanctum,App\Http\Middleware\EnsureTenantScope,App\Http\Middleware\RateLimitPerOrganization:api
PUT	api/v1/profile/organization	profile.organization	App\Http\Controllers\Api\ProfileController@updateOrganization	api,Illuminate\Auth\Middleware\Authenticate:sanctum,App\Http\Middleware\EnsureTenantScope,App\Http\Middleware\RateLimitPerOrganization:api,Illuminate\Routing\Middleware\ThrottleRequests:sensitive
PUT	api/v1/profile/password	profile.password	App\Http\Controllers\Api\ProfileController@updatePassword	api,Illuminate\Auth\Middleware\Authenticate:sanctum,App\Http\Middleware\EnsureTenantScope,App\Http\Middleware\RateLimitPerOrganization:api,Illuminate\Routing\Middleware\ThrottleRequests:sensitive
GET|HEAD	api/v1/recordings	recordings.index	App\Http\Controllers\Api\RecordingsController@index	api,Illuminate\Auth\Middleware\Authenticate:sanctum,App\Http\Middleware\EnsureTenantScope,App\Http\Middleware\RateLimitPerOrganization:api
POST	api/v1/recordings	recordings.store	App\Http\Controllers\Api\RecordingsController@store	api,Illuminate\Auth\Middleware\Authenticate:sanctum,App\Http\Middleware\EnsureTenantScope,App\Http\Middleware\RateLimitPerOrganization:api
GET|HEAD	api/v1/recordings/download	recordings.secure-download	App\Http\Controllers\Api\RecordingsController@secureDownload	api
GET|HEAD	api/v1/recordings/{recording}	recordings.show	App\Http\Controllers\Api\RecordingsController@show	api,Illuminate\Auth\Middleware\Authenticate:sanctum,App\Http\Middleware\EnsureTenantScope,App\Http\Middleware\RateLimitPerOrganization:api
PUT|PATCH	api/v1/recordings/{recording}	recordings.update	App\Http\Controllers\Api\RecordingsController@update	api,Illuminate\Auth\Middleware\Authenticate:sanctum,App\Http\Middleware\EnsureTenantScope,App\Http\Middleware\RateLimitPerOrganization:api
DELETE	api/v1/recordings/{recording}	recordings.destroy	App\Http\Controllers\Api\RecordingsController@destroy	api,Illuminate\Auth\Middleware\Authenticate:sanctum,App\Http\Middleware\EnsureTenantScope,App\Http\Middleware\RateLimitPerOrganization:api
GET|HEAD	api/v1/recordings/{recording}/download	recordings.download	App\Http\Controllers\Api\RecordingsController@download	api,Illuminate\Auth\Middleware\Authenticate:sanctum,App\Http\Middleware\EnsureTenantScope,App\Http\Middleware\RateLimitPerOrganization:api
GET|HEAD	api/v1/ring-groups	ring-groups.index	App\Http\Controllers\Api\RingGroupController@index	api,Illuminate\Auth\Middleware\Authenticate:sanctum,App\Http\Middleware\EnsureTenantScope,App\Http\Middleware\RateLimitPerOrganization:api
POST	api/v1/ring-groups	ring-groups.store	App\Http\Controllers\Api\RingGroupController@store	api,Illuminate\Auth\Middleware\Authenticate:sanctum,App\Http\Middleware\EnsureTenantScope,App\Http\Middleware\RateLimitPerOrganization:api
GET|HEAD	api/v1/ring-groups/{ring_group}	ring-groups.show	App\Http\Controllers\Api\RingGroupController@show	api,Illuminate\Auth\Middleware\Authenticate:sanctum,App\Http\Middleware\EnsureTenantScope,App\Http\Middleware\RateLimitPerOrganization:api
PUT|PATCH	api/v1/ring-groups/{ring_group}	ring-groups.update	App\Http\Controllers\Api\RingGroupController@update	api,Illuminate\Auth\Middleware\Authenticate:sanctum,App\Http\Middleware\EnsureTenantScope,App\Http\Middleware\RateLimitPerOrganization:api
DELETE	api/v1/ring-groups/{ring_group}	ring-groups.destroy	App\Http\Controllers\Api\RingGroupController@destroy	api,Illuminate\Auth\Middleware\Authenticate:sanctum,App\Http\Middleware\EnsureTenantScope,App\Http\Middleware\RateLimitPerOrganization:api
GET|HEAD	api/v1/session-updates/active	session-updates.active	App\Http\Controllers\Api\SessionUpdateController@getActiveCalls	api,Illuminate\Auth\Middleware\Authenticate:sanctum,App\Http\Middleware\EnsureTenantScope
GET|HEAD	api/v1/session-updates/active/stats	session-updates.active.stats	App\Http\Controllers\Api\SessionUpdateController@getActiveCallsStats	api,Illuminate\Auth\Middleware\Authenticate:sanctum,App\Http\Middleware\EnsureTenantScope
GET|HEAD	api/v1/session-updates/{sessionId}	session-updates.details	App\Http\Controllers\Api\SessionUpdateController@getSessionDetails	api,Illuminate\Auth\Middleware\Authenticate:sanctum,App\Http\Middleware\EnsureTenantScope
DELETE	api/v1/session-updates/{sessionId}/disconnect	session-updates.disconnect	App\Http\Controllers\Api\SessionUpdateController@disconnectSession	api,Illuminate\Auth\Middleware\Authenticate:sanctum,App\Http\Middleware\EnsureTenantScope
GET|HEAD	api/v1/settings/cloudonix	settings.cloudonix.show	App\Http\Controllers\Api\SettingsController@getCloudonixSettings	api,Illuminate\Auth\Middleware\Authenticate:sanctum,App\Http\Middleware\EnsureTenantScope,App\Http\Middleware\RateLimitPerOrganization:api
PUT	api/v1/settings/cloudonix	settings.cloudonix.update	App\Http\Controllers\Api\SettingsController@updateCloudonixSettings	api,Illuminate\Auth\Middleware\Authenticate:sanctum,App\Http\Middleware\EnsureTenantScope,App\Http\Middleware\RateLimitPerOrganization:api
POST	api/v1/settings/cloudonix/generate-requests-key	settings.cloudonix.generate-key	App\Http\Controllers\Api\SettingsController@generateRequestsApiKey	api,Illuminate\Auth\Middleware\Authenticate:sanctum,App\Http\Middleware\EnsureTenantScope,App\Http\Middleware\RateLimitPerOrganization:api
GET|HEAD	api/v1/settings/cloudonix/outbound-trunks	settings.cloudonix.outbound-trunks	App\Http\Controllers\Api\SettingsController@getOutboundTrunks	api,Illuminate\Auth\Middleware\Authenticate:sanctum,App\Http\Middleware\EnsureTenantScope,App\Http\Middleware\RateLimitPerOrganization:api
POST	api/v1/settings/cloudonix/validate	settings.cloudonix.validate	App\Http\Controllers\Api\SettingsController@validateCloudonixCredentials	api,Illuminate\Auth\Middleware\Authenticate:sanctum,App\Http\Middleware\EnsureTenantScope,App\Http\Middleware\RateLimitPerOrganization:api
GET|HEAD	api/v1/users	users.index	App\Http\Controllers\Api\UsersController@index	api,Illuminate\Auth\Middleware\Authenticate:sanctum,App\Http\Middleware\EnsureTenantScope,App\Http\Middleware\RateLimitPerOrganization:api
POST	api/v1/users	users.store	App\Http\Controllers\Api\UsersController@store	api,Illuminate\Auth\Middleware\Authenticate:sanctum,App\Http\Middleware\EnsureTenantScope,App\Http\Middleware\RateLimitPerOrganization:api
GET|HEAD	api/v1/users/{user}	users.show	App\Http\Controllers\Api\UsersController@show	api,Illuminate\Auth\Middleware\Authenticate:sanctum,App\Http\Middleware\EnsureTenantScope,App\Http\Middleware\RateLimitPerOrganization:api
PUT|PATCH	api/v1/users/{user}	users.update	App\Http\Controllers\Api\UsersController@update	api,Illuminate\Auth\Middleware\Authenticate:sanctum,App\Http\Middleware\EnsureTenantScope,App\Http\Middleware\RateLimitPerOrganization:api
DELETE	api/v1/users/{user}	users.destroy	App\Http\Controllers\Api\UsersController@destroy	api,Illuminate\Auth\Middleware\Authenticate:sanctum,App\Http\Middleware\EnsureTenantScope,App\Http\Middleware\RateLimitPerOrganization:api
PATCH	api/v1/users/{user}/password	users.password.update	App\Http\Controllers\Api\UsersController@updatePassword	api,Illuminate\Auth\Middleware\Authenticate:sanctum,App\Http\Middleware\EnsureTenantScope,App\Http\Middleware\RateLimitPerOrganization:api
GET|HEAD	api/v1/validate-email	validate-email	App\Http\Controllers\Api\EmailValidationController@validate	api,Illuminate\Routing\Middleware\ThrottleRequests:10,1
POST	api/voice/amd-action	voice.amd-action	App\Http\Controllers\Voice\AmdActionController@handle	api
GET|HEAD	api/voice/health	voice.health	App\Http\Controllers\Voice\VoiceRoutingController@health	api
POST	api/voice/ivr-input	voice.ivr-input	App\Http\Controllers\Voice\VoiceRoutingController@handleIvrInput	api,App\Http\Middleware\VerifyVoiceWebhookAuth
POST	api/voice/route	voice.route	App\Http\Controllers\Voice\VoiceRoutingController@handleInbound	api,App\Http\Middleware\VerifyVoiceWebhookAuth
POST	api/webhooks/auto-dialer/amd-result	webhooks.auto-dialer.amd-result	App\Http\Controllers\Webhooks\AutoDialerWebhookController@amdResult	api,App\Http\Middleware\VerifyCloudonixSignature,App\Http\Middleware\EnsureWebhookIdempotency
POST	api/webhooks/auto-dialer/call-status	webhooks.auto-dialer.call-status	App\Http\Controllers\Webhooks\AutoDialerWebhookController@callStatus	api,App\Http\Middleware\VerifyCloudonixSignature,App\Http\Middleware\EnsureWebhookIdempotency
POST	api/webhooks/cloudonix/call-initiated	webhooks.cloudonix.call-initiated	App\Http\Controllers\Webhooks\CloudonixWebhookController@callInitiated	api,App\Http\Middleware\VerifyCloudonixSignature,App\Http\Middleware\EnsureWebhookIdempotency
POST	api/webhooks/cloudonix/call-status	webhooks.cloudonix.call-status	App\Http\Controllers\Webhooks\CloudonixWebhookController@callStatus	api,App\Http\Middleware\VerifyCloudonixSignature,App\Http\Middleware\EnsureWebhookIdempotency
POST	api/webhooks/cloudonix/cdr	webhooks.cloudonix.cdr	App\Http\Controllers\Webhooks\CloudonixWebhookController@cdr	api,App\Http\Middleware\VerifyCloudonixSignature,App\Http\Middleware\EnsureWebhookIdempotency
POST	api/webhooks/cloudonix/dialer	webhooks.cloudonix.dialer	App\Http\Controllers\Webhooks\DialerWebhookProxyController@handleCloudonixWebhook	api,App\Http\Middleware\VerifyCloudonixSignature,App\Http\Middleware\EnsureWebhookIdempotency
POST	api/webhooks/cloudonix/session-update	webhooks.cloudonix.session-update	App\Http\Controllers\Webhooks\CloudonixWebhookController@sessionUpdate	api,App\Http\Middleware\VerifyCloudonixSignature
GET|HEAD	api/websocket/health	websocket.health	Closure	api,Illuminate\Auth\Middleware\Authenticate:sanctum
GET|HEAD	sanctum/csrf-cookie	sanctum.csrf-cookie	Laravel\Sanctum\Http\Controllers\CsrfCookieController@show	web
GET|HEAD	storage/{path}	storage.local	Closure	
PUT	storage/{path}	storage.local.upload	Closure	
